CVE ID,Score
CVE-2026-61893,6.9
CVE-2026-63033,6.9
CVE-2026-66720,7.1
CVE-2026-66369,7.1
CVE-2026-63550,7.1
CVE-2026-65421,7.1
CVE-2026-66364,7.1
CVE-2026-66349,6.9
CVE-2026-56758,6.9
CVE-2026-66360,8.7
CVE-2026-5846,7.6
CVE-2026-63362,8.2
CVE-2026-65423,8.8
CVE-2026-63035,8.1
CVE-2026-63559,8.7
CVE-2026-13584,7.1
CVE-2026-18064,8.2
CVE-2026-9636,8.2
CVE-2026-12927,8.4
CVE-2026-12562,8.8
CVE-2026-21662,4.8
CVE-2026-34495,4.8
CVE-2026-34497,4.8
CVE-2026-14227,6.9
CVE-2026-12705,6.4
CVE-2026-16581,6.9
CVE-2026-16347,8.8
CVE-2026-3497,8.2
CVE-2026-22979,5.5
CVE-2026-22980,7.8
CVE-2026-22982,5.5
CVE-2026-22992,7.5
CVE-2026-22994,5.5
CVE-2026-23003,7.5
CVE-2026-23005,5.5
CVE-2026-23010,7.8
CVE-2026-23011,5.5
CVE-2026-23019,5.5
CVE-2026-23054,N/A
CVE-2026-23060,5.5
CVE-2026-23083,7.8
CVE-2026-23084,5.5
CVE-2026-23086,5.5
CVE-2026-23087,5.5
CVE-2026-23095,7.5
CVE-2026-23100,5.5
CVE-2026-23103,7.8
CVE-2026-23110,4.7
CVE-2026-23113,5.5
CVE-2026-23154,5.5
CVE-2026-23204,7.1
CVE-2026-23242,7.5
CVE-2026-23243,7.8
CVE-2026-23245,7.8
CVE-2026-23270,7.8
CVE-2026-23271,7.8
CVE-2026-23273,7.8
CVE-2026-23274,7.8
CVE-2026-23277,5.5
CVE-2026-23284,5.5
CVE-2026-23287,5.5
CVE-2026-23290,5.5
CVE-2026-23293,5.5
CVE-2026-23300,5.5
CVE-2026-23304,5.5
CVE-2026-23319,7.8
CVE-2026-23321,5.5
CVE-2026-23335,5.5
CVE-2026-23340,7.8
CVE-2026-23343,7.8
CVE-2026-23351,7.8
CVE-2026-23359,7.8
CVE-2026-23365,5.5
CVE-2026-23368,5.5
CVE-2026-23370,5.5
CVE-2026-23378,7.8
CVE-2026-23379,5.5
CVE-2026-23381,5.5
CVE-2026-23391,7.8
CVE-2026-23392,7.8
CVE-2026-23397,7.1
CVE-2026-23398,5.5
CVE-2026-23414,7.5
CVE-2026-23422,7.8
CVE-2026-23434,7.1
CVE-2026-23438,5.5
CVE-2026-23439,5.5
CVE-2026-23446,5.5
CVE-2026-23449,7.8
CVE-2026-23450,9.8
CVE-2026-23452,4.7
CVE-2026-23454,7
CVE-2026-23455,9.1
CVE-2026-23456,8.2
CVE-2026-23457,8.6
CVE-2026-23458,7.8
CVE-2026-23463,4.7
CVE-2026-23474,5.5
CVE-2026-23475,5.5
CVE-2026-27135,7.5
CVE-2026-31389,7.8
CVE-2026-31391,5.5
CVE-2026-31396,7.8
CVE-2026-31402,9.8
CVE-2026-31403,7.8
CVE-2026-31411,5.5
CVE-2026-31414,9.8
CVE-2026-31415,5.5
CVE-2026-31416,5.5
CVE-2026-31417,7.5
CVE-2026-31418,5.5
CVE-2026-31421,5.5
CVE-2026-31422,5.5
CVE-2026-31423,5.5
CVE-2026-31424,5.5
CVE-2026-31427,5.5
CVE-2026-31428,5.5
CVE-2026-31441,5.5
CVE-2026-31446,7.8
CVE-2026-31447,7.8
CVE-2026-31448,9.4
CVE-2026-31450,8.8
CVE-2026-31452,7.8
CVE-2026-31466,4.7
CVE-2026-31469,7.8
CVE-2026-31485,7.8
CVE-2026-31494,7.8
CVE-2026-31495,5.5
CVE-2026-31496,5.5
CVE-2026-31503,5.5
CVE-2026-31504,7.8
CVE-2026-31507,7.8
CVE-2026-31508,7.8
CVE-2026-31515,5.5
CVE-2026-31518,5.5
CVE-2026-31521,5.5
CVE-2026-31533,9.8
CVE-2026-31546,5.5
CVE-2026-31555,5.5
CVE-2026-31563,7.5
CVE-2026-31565,5.5
CVE-2026-31628,5.5
CVE-2026-31634,5.5
CVE-2026-31649,9.8
CVE-2026-31651,5.5
CVE-2026-31658,5.5
CVE-2026-31664,5.5
CVE-2026-31665,7.8
CVE-2026-31669,9.8
CVE-2026-31670,5.5
CVE-2026-31671,5.5
CVE-2026-31674,7.1
CVE-2026-31680,7.8
CVE-2026-31682,9.1
CVE-2026-31737,5.5
CVE-2026-31752,5.5
CVE-2026-31761,7.8
CVE-2026-31768,7.8
CVE-2026-40355,5.9
CVE-2026-41989,6.7
CVE-2026-43011,9.8
CVE-2026-43024,5.5
CVE-2026-43025,7.3
CVE-2026-43026,5.5
CVE-2026-43027,7.8
CVE-2026-43028,7.1
CVE-2026-43030,7.8
CVE-2026-43033,7.8
CVE-2026-43035,5.5
CVE-2026-43038,9.8
CVE-2026-43040,7.1
CVE-2026-43057,7.5
CVE-2026-43284,8.8
CVE-2026-46174,8.8
CVE-2026-46300,7.8
CVE-2026-46333,7.8
CVE-2026-54429,6
CVE-2026-7891,9.1
CVE-2026-16002,8.8
CVE-2026-50039,8.7
CVE-2026-49035,9.2
CVE-2026-50103,7.1
CVE-2026-50032,8.7
CVE-2026-11917,7.2
CVE-2026-40430,8.7
CVE-2026-42933,10.0
CVE-2026-44955,6.9
CVE-2026-50044,7.6
CVE-2026-28698,9.2
CVE-2026-60134,8.8
CVE-2026-61892,8.8
CVE-2026-61886,7.1
CVE-2026-60135,7.1
CVE-2026-34490,4.8
CVE-2026-21655,8.7
CVE-2026-21653,7.2
CVE-2026-34496,7.1
CVE-2026-9108,5.4
CVE-2026-9127,7.3
CVE-2026-9128,7.3
CVE-2026-10573,6.3
CVE-2026-9140,8.7
CVE-2026-10714,8.8
CVE-2026-22184,8.6
CVE-2026-5121,9.8
CVE-2026-56451,10.0
CVE-2026-0266,1.1
CVE-2026-0272,6.0
CVE-2026-0273,6.1
CVE-2026-61884,9.8
CVE-2026-55985,5.3
CVE-2026-9292,8.4
CVE-2026-12659,8.7
CVE-2026-11889,7.1
CVE-2026-54798,7.1
CVE-2026-54799,8.4
CVE-2026-54800,6.3
CVE-2026-54801,8.6
CVE-2026-60063,7.3
CVE-2026-61389,7.3
CVE-2026-60140,6.9
CVE-2026-57896,6.9
CVE-2026-60073,5.9
CVE-2026-61378,6.8
CVE-2026-15352,8.2
CVE-2026-9653,8.7
CVE-2026-8085,7.0
CVE-2026-8312,7.0
CVE-2026-8313,7.0
CVE-2026-8314,7.0
CVE-2026-10577,10.0
CVE-2026-31431,7.8
CVE-2026-31431,7.8
CVE-2026-4832,6.9
CVE-2026-2399,6.9
CVE-2026-2404,6.9
CVE-2026-2402,6.9
CVE-2026-2405,5.3
CVE-2026-2403,5.3
CVE-2026-2400,5.3
CVE-2026-2401,2.4
CVE-2026-14480,8.7
CVE-2026-12352,5.9
CVE-2026-12948,4.8
CVE-2026-42953,8.4
CVE-2026-49033,8.4
CVE-2026-42958,8.4
CVE-2026-1484,4.2
CVE-2026-1489,5.4
CVE-2026-3784,6.5
CVE-2026-22610,8.5
CVE-2026-22976,5.5
CVE-2026-22977,5.5
CVE-2026-22977,5.5
CVE-2026-23025,7.8
CVE-2026-23026,5.5
CVE-2026-23026,5.5
CVE-2026-23030,N/A
CVE-2026-23031,7
CVE-2026-23032,5.5
CVE-2026-23033,N/A
CVE-2026-23037,N/A
CVE-2026-23038,N/A
CVE-2026-23038,N/A
CVE-2026-23111,7.8
CVE-2026-23111,7.8
CVE-2026-23112,9.8
CVE-2026-23220,5.5
CVE-2026-23222,7.8
CVE-2026-23228,5.5
CVE-2026-23229,5.5
CVE-2026-23230,8.8
CVE-2026-23231,7.8
CVE-2026-23231,7.8
CVE-2026-23236,7.3
CVE-2026-23238,5.5
CVE-2026-24515,2.9
CVE-2026-25210,6.9
CVE-2026-26157,7.0
CVE-2026-26158,7.0
CVE-2026-35535,7.4
CVE-2026-41918,5.9
CVE-2026-48192,6.8
CVE-2026-42945,9.2
CVE-2026-10763,7.0
CVE-2026-20744,9.8
CVE-2026-42952,8.7
CVE-2026-44383,8.7
CVE-2026-13768,10.0
CVE-2026-55726,6.9
CVE-2026-54477,5.4
CVE-2026-13743,3.3
CVE-2026-38059,8.7
CVE-2026-38057,8.1
